Date,Solar_Index,Temperature,Humidity,Wind_Speed,Precipitation,Location
2022-10-27,5.3995,23.8,71.25,1.98,0.0,Ghatkopar
2022-10-28,5.3206,23.39,71.09,2.25,0.0,Ghatkopar
2022-10-29,5.5822,23.02,70.61,2.68,0.0,Ghatkopar
2022-10-30,5.5094,23.43,73.53,2.64,0.0,Ghatkopar
2022-10-31,5.3239,23.84,73.71,2.38,0.0,Ghatkopar
2022-11-01,5.2846,23.16,73.36,2.46,0.0,Ghatkopar
2022-11-02,5.4713,23.33,74.5,2.4,0.0,Ghatkopar
2022-11-03,5.6707,23.42,72.35,2.74,0.0,Ghatkopar
2022-11-04,5.6021,23.32,70.4,2.52,0.0,Ghatkopar
2022-11-05,5.621,23.81,65.34,2.68,0.0,Ghatkopar
2022-11-06,5.4533,24.19,64.19,2.46,0.0,Ghatkopar
2022-11-07,5.0738,24.29,67.23,1.87,0.0,Ghatkopar
2022-11-08,4.9183,24.52,72.17,1.58,0.0,Ghatkopar
2022-11-09,4.8077,24.71,70.99,1.31,0.0,Ghatkopar
2022-11-10,4.9694,23.74,74.49,2.46,0.0,Ghatkopar
2022-11-11,4.7765,23.31,76.4,2.73,0.0,Ghatkopar
2022-11-12,4.7446,23.67,77.02,2.8,0.12,Ghatkopar
2022-11-13,4.7273,23.47,75.02,2.59,0.61,Ghatkopar
2022-11-14,4.7566,23.84,75.93,1.84,0.0,Ghatkopar
2022-11-15,4.8574,23.7,74.1,1.79,0.0,Ghatkopar
2022-11-16,5.0503,22.94,73.12,1.84,0.0,Ghatkopar
2022-11-17,4.8917,22.3,72.28,2.49,0.0,Ghatkopar
2022-11-18,5.3611,21.78,70.73,2.71,0.0,Ghatkopar
2022-11-19,5.0448,21.74,70.07,2.86,0.0,Ghatkopar
2022-11-20,5.2975,20.25,68.97,2.79,0.0,Ghatkopar
2022-11-21,5.1482,20.47,66.35,2.35,0.0,Ghatkopar
2022-11-22,4.9138,21.81,70.34,2.1,0.01,Ghatkopar
2022-11-23,4.8012,23.24,73.28,2.12,0.0,Ghatkopar
2022-11-24,4.8264,23.4,72.95,2.08,0.0,Ghatkopar
2022-11-25,4.2367,24.42,77.58,2.12,0.0,Ghatkopar
2022-11-26,4.1345,24.65,78.95,1.72,0.0,Ghatkopar
2022-11-27,4.3152,24.02,78.18,1.7,0.0,Ghatkopar
2022-11-28,4.9073,23.55,72.9,1.35,0.0,Ghatkopar
2022-11-29,4.6541,22.78,68.11,1.51,0.0,Ghatkopar
2022-11-30,4.3097,23.2,72.18,2.04,0.0,Ghatkopar
2022-12-01,4.385,22.89,65.19,2.22,0.0,Ghatkopar
2022-12-02,4.6298,22.96,64.95,1.84,0.0,Ghatkopar
2022-12-03,4.3231,24.24,69.27,1.51,0.0,Ghatkopar
2022-12-04,3.427,25.5,77.46,1.49,0.0,Ghatkopar
2022-12-05,3.5597,25.81,77.54,1.45,0.01,Ghatkopar
2022-12-06,4.0092,24.84,75.12,1.87,0.01,Ghatkopar
2022-12-07,3.8131,24.1,73.83,2.05,0.0,Ghatkopar
2022-12-08,3.948,22.06,68.79,2.66,1.71,Ghatkopar
2022-12-09,5.0153,20.37,64.82,2.79,1.44,Ghatkopar
2022-12-10,5.0947,21.19,65.05,2.14,0.0,Ghatkopar
2022-12-11,4.6543,23.98,77.25,1.92,0.0,Ghatkopar
2022-12-12,4.0102,25.69,78.62,1.72,0.12,Ghatkopar
2022-12-13,3.9103,26.21,77.97,1.99,0.17,Ghatkopar
2022-12-14,3.4752,24.88,82.69,2.19,1.14,Ghatkopar
2022-12-15,3.678,25.27,80.7,1.89,0.82,Ghatkopar
2022-12-16,4.3334,26.2,76.92,1.94,0.04,Ghatkopar
2022-12-17,4.2408,26.32,73.85,1.88,0.01,Ghatkopar
2022-12-18,4.4777,25.77,71.8,2.15,0.0,Ghatkopar
2022-12-19,4.9128,24.42,63.93,2.28,0.0,Ghatkopar
2022-12-20,4.872,23.82,60.95,2.2,0.0,Ghatkopar
2022-12-21,4.5437,23.84,62.99,2.2,0.0,Ghatkopar
2022-12-22,4.2084,23.93,64.21,1.72,0.0,Ghatkopar
2022-12-23,4.5367,22.57,64.57,1.75,0.0,Ghatkopar
2022-12-24,4.8053,21.04,57.21,1.67,0.0,Ghatkopar
2022-12-25,4.584,20.7,59.94,1.32,0.0,Ghatkopar
2022-12-26,4.2204,21.98,70.31,1.43,0.0,Ghatkopar
2022-12-27,4.2866,23.67,69.43,1.73,0.0,Ghatkopar
2022-12-28,4.5391,24.05,58.48,1.64,0.0,Ghatkopar
2022-12-29,4.6747,23.72,57.39,1.48,0.0,Ghatkopar
2022-12-30,4.7434,23.19,59.22,1.67,0.0,Ghatkopar
2022-12-31,4.8415,22.37,58.99,2.01,0.0,Ghatkopar
2023-01-01,4.8946,21.71,58.82,1.7,0.0,Ghatkopar
2023-01-02,4.9454,22.37,61.81,2.1,0.0,Ghatkopar
2023-01-03,4.6675,22.26,59.42,2.23,0.0,Ghatkopar
2023-01-04,4.0046,22.41,60.06,2.0,0.0,Ghatkopar
2023-01-05,3.2556,23.5,67.65,2.75,0.0,Ghatkopar
2023-01-06,3.4198,24.58,68.62,2.67,0.0,Ghatkopar
2023-01-07,3.4951,24.68,65.82,2.44,0.0,Ghatkopar
2023-01-08,4.5466,23.39,59.31,2.43,0.0,Ghatkopar
2023-01-09,4.9829,22.02,47.87,2.47,0.0,Ghatkopar
2023-01-10,5.0244,22.6,43.96,2.21,0.0,Ghatkopar
2023-01-11,4.8569,22.18,49.22,1.95,0.0,Ghatkopar
2023-01-12,5.041,21.14,50.19,1.64,0.0,Ghatkopar
2023-01-13,4.6903,20.43,70.41,1.8,0.0,Ghatkopar
2023-01-14,5.1432,19.58,57.29,1.88,0.0,Ghatkopar
2023-01-15,5.0921,19.92,53.69,1.65,0.0,Ghatkopar
2023-01-16,5.1302,20.62,52.86,1.45,0.0,Ghatkopar
2023-01-17,5.1634,20.51,52.31,1.4,0.0,Ghatkopar
2023-01-18,5.1674,21.96,51.62,1.56,0.0,Ghatkopar
2023-01-19,5.0935,22.82,52.91,1.85,0.0,Ghatkopar
2023-01-20,5.053,23.03,55.57,1.37,0.0,Ghatkopar
2023-01-21,4.9145,22.08,61.8,1.55,0.0,Ghatkopar
2023-01-22,4.8283,20.79,59.27,1.79,0.0,Ghatkopar
2023-01-23,4.9082,20.24,55.66,2.02,0.0,Ghatkopar
2023-01-24,4.4309,19.56,58.97,1.91,0.0,Ghatkopar
2023-01-25,4.4254,20.0,53.08,2.32,0.0,Ghatkopar
2023-01-26,4.3092,21.83,56.78,1.95,0.0,Ghatkopar
2023-01-27,4.4069,25.15,60.04,2.17,0.0,Ghatkopar
2023-01-28,4.9666,24.97,58.91,2.69,0.02,Ghatkopar
2023-01-29,3.925,23.98,79.7,1.52,0.15,Ghatkopar
2023-01-30,4.5946,23.32,73.76,1.83,0.01,Ghatkopar
2023-01-31,4.6243,24.44,56.37,2.48,0.0,Ghatkopar
2023-02-01,4.2247,25.45,54.2,3.07,0.18,Ghatkopar
2023-02-02,4.7095,25.3,51.16,2.91,0.01,Ghatkopar
2023-02-03,5.3839,24.33,42.21,2.54,0.0,Ghatkopar
2023-02-04,5.4818,24.42,41.77,1.88,0.0,Ghatkopar
2023-02-05,5.6261,24.39,40.27,1.98,0.0,Ghatkopar
2023-02-06,5.5884,23.83,38.86,2.02,0.0,Ghatkopar
2023-02-07,5.7382,23.56,44.8,2.17,0.0,Ghatkopar
2023-02-08,5.839,24.91,41.16,2.14,0.0,Ghatkopar
2023-02-09,5.8951,25.9,34.55,2.5,0.0,Ghatkopar
2023-02-10,6.0907,25.86,36.02,2.01,0.0,Ghatkopar
2023-02-11,6.1682,25.24,33.81,2.28,0.0,Ghatkopar
2023-02-12,6.0564,26.34,30.28,2.85,0.0,Ghatkopar
2023-02-13,6.1634,26.4,31.1,3.0,0.0,Ghatkopar
2023-02-14,6.2614,26.53,26.8,2.82,0.0,Ghatkopar
2023-02-15,6.3269,26.88,26.95,2.32,0.0,Ghatkopar
2023-02-16,6.373,27.73,26.54,2.78,0.0,Ghatkopar
2023-02-17,6.3866,28.16,26.14,2.75,0.0,Ghatkopar
2023-02-18,6.4073,28.17,27.61,2.63,0.0,Ghatkopar
2023-02-19,6.4601,28.19,28.08,2.48,0.0,Ghatkopar
2023-02-20,6.3502,27.13,29.22,1.81,0.0,Ghatkopar
2023-02-21,6.0468,26.74,30.0,2.08,0.0,Ghatkopar
2023-02-22,6.0214,26.76,32.41,2.16,0.0,Ghatkopar
2023-02-23,6.163,27.61,27.93,2.1,0.0,Ghatkopar
2023-02-24,6.2136,28.38,24.65,2.39,0.0,Ghatkopar
2023-02-25,6.0602,28.21,24.79,2.33,0.0,Ghatkopar
2023-02-26,6.2585,28.29,21.77,2.54,0.0,Ghatkopar
2023-02-27,6.3209,28.1,21.92,2.46,0.0,Ghatkopar
2023-02-28,6.0955,28.02,25.94,2.07,0.0,Ghatkopar
2023-03-01,5.8373,28.53,28.07,1.81,0.0,Ghatkopar
2023-03-02,5.581,29.63,29.48,1.96,0.0,Ghatkopar
2023-03-03,5.2202,30.26,31.1,1.73,0.0,Ghatkopar
2023-03-04,4.9927,30.39,33.89,1.83,0.0,Ghatkopar
2023-03-05,4.4407,30.13,36.74,1.81,0.12,Ghatkopar
2023-03-06,3.7793,30.05,37.3,2.02,2.44,Ghatkopar
2023-03-07,4.8617,29.31,34.9,2.45,0.9,Ghatkopar
2023-03-08,5.9134,29.41,33.52,2.17,0.02,Ghatkopar
2023-03-09,6.1274,29.78,28.94,2.89,0.0,Ghatkopar
2023-03-10,6.1567,29.38,23.9,2.97,0.0,Ghatkopar
2023-03-11,5.9126,30.16,24.43,2.43,0.0,Ghatkopar
2023-03-12,5.5637,31.17,30.49,1.93,0.0,Ghatkopar
2023-03-13,5.0302,30.93,30.16,2.15,0.0,Ghatkopar
2023-03-14,4.8751,30.79,29.83,1.76,0.0,Ghatkopar
2023-03-15,3.7502,30.23,34.95,1.65,0.32,Ghatkopar
2023-03-16,3.8782,28.38,47.94,1.68,0.86,Ghatkopar
2023-03-17,5.2985,28.37,54.07,2.07,1.08,Ghatkopar
2023-03-18,6.2146,27.81,51.64,1.96,0.87,Ghatkopar
2023-03-19,6.5662,26.5,56.7,2.11,0.67,Ghatkopar
2023-03-20,6.6878,26.23,59.62,2.41,1.23,Ghatkopar
2023-03-21,6.3864,26.27,60.63,1.91,7.46,Ghatkopar
2023-03-22,6.7982,26.16,60.69,2.11,0.01,Ghatkopar
2023-03-23,6.4054,26.17,61.6,2.43,0.0,Ghatkopar
2023-03-24,6.9341,26.68,60.3,2.58,0.0,Ghatkopar
2023-03-25,7.1693,25.49,51.93,2.33,0.0,Ghatkopar
2023-03-26,7.026,25.57,52.78,2.41,0.0,Ghatkopar
2023-03-27,7.0058,26.34,59.53,2.17,0.0,Ghatkopar
2023-03-28,6.9012,27.29,59.21,2.03,0.02,Ghatkopar
2023-03-29,6.9967,27.24,58.03,2.09,0.0,Ghatkopar
2023-03-30,6.6962,27.15,58.84,1.96,0.0,Ghatkopar
2023-03-31,6.8794,27.04,57.27,2.52,0.03,Ghatkopar
2023-04-01,7.2247,27.44,51.68,2.52,0.0,Ghatkopar
2023-04-02,7.207,27.5,57.81,2.33,0.0,Ghatkopar
2023-04-03,7.0111,27.73,55.57,2.2,0.0,Ghatkopar
2023-04-04,7.007,28.62,54.91,2.21,0.0,Ghatkopar
2023-04-05,6.6965,29.25,50.43,2.22,0.03,Ghatkopar
2023-04-06,6.8724,30.05,48.92,2.64,0.18,Ghatkopar
2023-04-07,5.9198,31.86,35.04,2.26,0.28,Ghatkopar
2023-04-08,5.5954,32.67,35.68,2.2,0.03,Ghatkopar
2023-04-09,6.3454,32.36,38.74,2.08,0.5,Ghatkopar
2023-04-10,6.391,33.21,38.7,2.4,0.07,Ghatkopar
2023-04-11,6.5486,32.95,44.8,2.05,0.09,Ghatkopar
2023-04-12,6.5657,33.5,41.25,2.58,1.31,Ghatkopar
2023-04-13,5.238,34.17,35.01,2.55,0.12,Ghatkopar
2023-04-14,5.2529,31.44,45.28,1.66,2.29,Ghatkopar
2023-04-15,6.9389,31.65,44.99,1.9,0.55,Ghatkopar
2023-04-16,7.1129,31.59,43.45,1.95,0.7,Ghatkopar
2023-04-17,6.9091,31.14,43.44,2.13,0.14,Ghatkopar
2023-04-18,6.3698,32.98,39.31,2.63,0.24,Ghatkopar
2023-04-19,6.1046,33.59,35.5,2.66,0.28,Ghatkopar
2023-04-20,6.611,31.4,47.0,2.49,0.76,Ghatkopar
2023-04-21,7.3968,29.66,54.63,2.4,0.08,Ghatkopar
2023-04-22,7.1614,28.93,58.87,2.42,0.0,Ghatkopar
2023-04-23,7.1098,29.47,57.48,2.64,0.0,Ghatkopar
2023-04-24,7.0966,30.57,49.32,2.13,0.0,Ghatkopar
2023-04-25,7.0728,31.69,35.23,2.35,0.0,Ghatkopar
2023-04-26,6.7471,29.1,59.91,2.47,0.31,Ghatkopar
2023-04-27,6.3754,29.79,55.27,1.96,0.16,Ghatkopar
2023-04-28,6.7747,30.01,55.49,2.19,0.21,Ghatkopar
2023-04-29,6.511,29.62,53.03,2.12,0.26,Ghatkopar
2023-04-30,7.2058,28.91,55.36,2.47,0.77,Ghatkopar
2023-05-01,5.7852,29.29,49.19,2.22,0.01,Ghatkopar
2023-05-02,7.2036,29.38,56.53,2.02,1.54,Ghatkopar
2023-05-03,7.2941,29.62,57.88,2.47,0.28,Ghatkopar
2023-05-04,7.1218,29.91,54.34,2.19,0.16,Ghatkopar
2023-05-05,7.1789,30.04,55.04,2.31,0.05,Ghatkopar
2023-05-06,6.9238,30.51,56.88,2.67,0.09,Ghatkopar
2023-05-07,6.2249,30.57,58.97,2.55,0.25,Ghatkopar
2023-05-08,6.2419,31.35,58.26,2.58,0.83,Ghatkopar
2023-05-09,6.3389,32.44,54.97,2.43,0.66,Ghatkopar
2023-05-10,6.7735,33.14,53.35,2.36,0.17,Ghatkopar
2023-05-11,7.1575,33.0,55.3,2.0,0.06,Ghatkopar
2023-05-12,7.3013,32.45,60.04,2.26,0.01,Ghatkopar
2023-05-13,7.4004,32.42,60.07,2.54,0.0,Ghatkopar
2023-05-14,7.6135,31.72,57.72,2.62,0.0,Ghatkopar
2023-05-15,7.4093,31.18,61.62,2.69,0.01,Ghatkopar
2023-05-16,7.3186,31.02,65.04,2.84,0.03,Ghatkopar
2023-05-17,7.5953,31.6,60.33,2.86,0.02,Ghatkopar
2023-05-18,7.5804,31.76,58.1,2.65,0.01,Ghatkopar
2023-05-19,7.5024,31.92,57.49,2.53,0.01,Ghatkopar
2023-05-20,7.4258,31.27,62.41,2.41,0.03,Ghatkopar
2023-05-21,7.3778,31.34,60.68,2.55,0.16,Ghatkopar
2023-05-22,7.2595,31.53,56.71,2.56,0.27,Ghatkopar
2023-05-23,7.2386,31.64,54.86,2.51,0.03,Ghatkopar
2023-05-24,7.3488,31.24,56.89,2.79,0.12,Ghatkopar
2023-05-25,7.5034,30.8,59.97,3.19,0.34,Ghatkopar
2023-05-26,7.1002,30.95,60.81,3.38,2.23,Ghatkopar
2023-05-27,6.9794,30.62,59.99,3.32,0.77,Ghatkopar
2023-05-28,7.117,31.19,61.24,3.07,0.57,Ghatkopar
2023-05-29,7.3327,31.68,61.37,2.76,0.86,Ghatkopar
2023-05-30,7.2413,32.15,57.32,2.55,1.41,Ghatkopar
2023-05-31,7.379,32.29,57.47,2.19,0.46,Ghatkopar
2023-06-01,7.5912,31.81,58.43,2.62,0.45,Ghatkopar
2023-06-02,7.2552,30.79,63.41,2.93,0.99,Ghatkopar
2023-06-03,6.8738,30.26,68.69,2.56,1.59,Ghatkopar
2023-06-04,6.4961,30.3,70.22,2.32,3.67,Ghatkopar
2023-06-05,6.9403,29.85,71.39,2.2,2.68,Ghatkopar
2023-06-06,7.0406,30.8,67.22,2.37,0.2,Ghatkopar
2023-06-07,7.2847,30.67,67.33,2.4,0.18,Ghatkopar
2023-06-08,6.931,31.32,66.31,2.17,0.13,Ghatkopar
2023-06-09,7.099,30.84,70.11,3.08,2.95,Ghatkopar
2023-06-10,7.1854,30.89,70.06,4.54,3.67,Ghatkopar
2023-06-11,5.8279,31.08,65.9,5.84,0.67,Ghatkopar
2023-06-12,5.5226,31.06,65.33,6.66,6.14,Ghatkopar
2023-06-13,5.531,30.41,68.85,6.0,2.62,Ghatkopar
2023-06-14,5.9731,30.44,69.54,6.02,10.22,Ghatkopar
2023-06-15,6.0278,30.3,71.44,6.1,3.32,Ghatkopar
2023-06-16,4.2389,30.27,73.47,6.65,2.52,Ghatkopar
2023-06-17,5.4046,29.98,74.15,5.52,1.75,Ghatkopar
2023-06-18,5.471,29.82,74.36,4.35,0.6,Ghatkopar
2023-06-19,5.4197,29.93,73.52,3.66,0.3,Ghatkopar
2023-06-20,5.9825,30.1,73.31,3.57,0.37,Ghatkopar
2023-06-21,5.9016,29.99,72.87,3.22,0.38,Ghatkopar
2023-06-22,6.2304,29.93,73.01,3.14,1.49,Ghatkopar
2023-06-23,6.5333,29.89,72.31,3.13,2.76,Ghatkopar
2023-06-24,4.4722,28.09,84.46,2.91,55.03,Ghatkopar
2023-06-25,2.6822,27.97,84.09,2.38,48.76,Ghatkopar
2023-06-26,1.6526,27.25,84.99,2.78,60.95,Ghatkopar
2023-06-27,2.5222,26.25,87.71,2.44,64.05,Ghatkopar
2023-06-28,0.9487,27.11,87.84,4.65,55.61,Ghatkopar
2023-06-29,2.4706,26.83,84.97,4.41,20.18,Ghatkopar
2023-06-30,1.1882,26.79,90.88,4.57,98.85,Ghatkopar
2023-07-01,1.4683,27.0,89.98,4.56,37.16,Ghatkopar
2023-07-02,3.0977,27.56,88.65,4.26,26.88,Ghatkopar
2023-07-03,5.2339,27.63,89.9,3.67,40.78,Ghatkopar
2023-07-04,2.581,27.26,91.89,3.1,33.35,Ghatkopar
2023-07-05,2.5968,27.05,90.24,3.16,18.17,Ghatkopar
2023-07-06,3.1171,26.59,91.41,3.2,41.31,Ghatkopar
2023-07-07,4.3145,27.11,93.43,5.05,58.42,Ghatkopar
2023-07-08,4.8626,27.09,89.74,5.24,24.86,Ghatkopar
2023-07-09,3.503,26.84,89.38,4.74,13.56,Ghatkopar
2023-07-10,5.2447,26.98,88.89,3.84,6.49,Ghatkopar
2023-07-11,4.1304,26.95,88.96,3.35,5.06,Ghatkopar
2023-07-12,2.8644,27.05,89.6,2.71,8.38,Ghatkopar
2023-07-13,4.4095,27.02,89.12,2.72,23.03,Ghatkopar
2023-07-14,2.4456,27.05,90.31,3.24,30.68,Ghatkopar
2023-07-15,4.1815,27.03,89.76,3.57,14.66,Ghatkopar
2023-07-16,3.3175,26.84,91.59,3.47,25.31,Ghatkopar
2023-07-17,2.3395,26.91,90.12,4.04,52.73,Ghatkopar
2023-07-18,1.8374,26.62,92.45,4.93,129.54,Ghatkopar
2023-07-19,1.0018,26.36,92.73,5.12,136.7,Ghatkopar
2023-07-20,2.6976,26.23,92.97,5.14,63.91,Ghatkopar
2023-07-21,2.7026,25.9,93.01,4.13,78.36,Ghatkopar
2023-07-22,1.8326,25.89,93.97,4.33,60.22,Ghatkopar
2023-07-23,3.1332,26.51,92.77,5.0,48.71,Ghatkopar
2023-07-24,3.5729,26.58,92.2,4.78,61.74,Ghatkopar
2023-07-25,3.1829,26.07,93.85,3.85,60.93,Ghatkopar
2023-07-26,1.9342,26.16,93.55,4.15,112.09,Ghatkopar
2023-07-27,1.4894,26.18,93.2,4.55,80.52,Ghatkopar
2023-07-28,2.4101,26.27,92.03,4.47,52.54,Ghatkopar
2023-07-29,3.7253,26.31,90.8,4.34,25.27,Ghatkopar
2023-07-30,4.9572,26.2,91.69,4.23,18.35,Ghatkopar
2023-07-31,4.2034,26.45,91.64,4.5,15.75,Ghatkopar
2023-08-01,2.9172,26.35,91.56,4.71,16.14,Ghatkopar
2023-08-02,2.7101,26.03,91.66,4.44,7.61,Ghatkopar
2023-08-03,3.2702,26.02,90.48,4.27,5.84,Ghatkopar
2023-08-04,3.0662,26.36,90.24,4.51,13.43,Ghatkopar
2023-08-05,4.1035,26.13,90.23,4.05,8.19,Ghatkopar
2023-08-06,3.5479,26.06,89.87,4.22,5.59,Ghatkopar
2023-08-07,3.7476,25.96,89.58,4.09,3.39,Ghatkopar
2023-08-08,3.9326,26.17,89.06,3.98,4.73,Ghatkopar
2023-08-09,4.4302,26.12,90.39,3.16,5.86,Ghatkopar
2023-08-10,5.2265,26.0,90.12,2.91,9.57,Ghatkopar
2023-08-11,5.2046,26.32,87.94,2.83,4.05,Ghatkopar
2023-08-12,5.0035,26.13,87.7,3.1,4.83,Ghatkopar
2023-08-13,5.4043,25.74,89.2,3.28,5.99,Ghatkopar
2023-08-14,4.8168,25.92,88.41,3.33,2.91,Ghatkopar
2023-08-15,4.7635,26.09,87.29,3.09,2.44,Ghatkopar
2023-08-16,5.1703,26.13,87.73,2.77,3.93,Ghatkopar
2023-08-17,5.1787,26.2,87.82,2.83,2.77,Ghatkopar
2023-08-18,4.6387,26.09,88.29,3.02,2.64,Ghatkopar
2023-08-19,3.3274,26.44,88.07,3.34,6.83,Ghatkopar
2023-08-20,3.1872,26.32,88.64,3.28,8.01,Ghatkopar
2023-08-21,5.8435,26.13,87.58,2.65,4.27,Ghatkopar
2023-08-22,3.0722,26.19,88.66,2.67,9.25,Ghatkopar
2023-08-23,4.2367,26.32,89.56,2.79,6.84,Ghatkopar
2023-08-24,5.1161,26.7,89.74,3.17,12.16,Ghatkopar
2023-08-25,4.9978,26.95,89.63,3.3,17.75,Ghatkopar
2023-08-26,5.124,26.81,89.06,3.4,19.21,Ghatkopar
2023-08-27,4.9025,26.79,88.54,3.14,18.6,Ghatkopar
2023-08-28,5.8654,26.22,90.29,2.52,10.12,Ghatkopar
2023-08-29,6.0612,26.37,87.35,1.97,1.43,Ghatkopar
2023-08-30,6.4999,26.58,85.33,1.52,0.25,Ghatkopar
2023-08-31,6.5986,26.63,86.41,1.56,0.28,Ghatkopar
2023-09-01,6.2606,26.94,87.1,1.72,10.61,Ghatkopar
2023-09-02,2.8027,25.86,90.45,2.04,23.17,Ghatkopar
2023-09-03,1.7134,26.19,87.68,2.02,3.75,Ghatkopar
2023-09-04,6.1188,26.06,87.53,2.26,1.19,Ghatkopar
2023-09-05,6.0948,26.16,86.33,2.06,0.67,Ghatkopar
2023-09-06,5.7226,26.25,88.92,2.57,3.23,Ghatkopar
2023-09-07,2.0042,25.75,92.71,3.45,69.38,Ghatkopar
2023-09-08,1.091,26.26,92.93,3.88,66.91,Ghatkopar
2023-09-09,3.2986,26.76,91.55,3.31,14.62,Ghatkopar
2023-09-10,5.1163,27.02,90.72,2.85,5.8,Ghatkopar
2023-09-11,5.9366,26.87,89.74,3.02,3.58,Ghatkopar
2023-09-12,5.6254,26.54,88.44,2.43,1.38,Ghatkopar
2023-09-13,5.8644,26.31,88.64,2.43,4.79,Ghatkopar
2023-09-14,5.2826,26.48,87.4,1.78,6.99,Ghatkopar
2023-09-15,4.8182,26.66,88.49,1.89,2.06,Ghatkopar
2023-09-16,2.4002,26.63,91.14,2.81,7.68,Ghatkopar
2023-09-17,3.6274,27.13,89.42,3.51,9.28,Ghatkopar
2023-09-18,4.2146,27.14,89.08,3.83,16.68,Ghatkopar
2023-09-19,5.4893,27.13,88.69,3.61,12.85,Ghatkopar
2023-09-20,4.645,27.19,90.8,3.28,18.3,Ghatkopar
2023-09-21,3.4606,26.93,92.2,2.04,31.49,Ghatkopar
2023-09-22,3.5798,26.7,91.06,1.62,17.51,Ghatkopar
2023-09-23,2.8394,26.13,93.22,1.75,32.05,Ghatkopar
2023-09-24,2.8217,25.92,91.28,1.81,13.16,Ghatkopar
2023-09-25,3.7678,26.02,91.69,1.92,14.84,Ghatkopar
2023-09-26,5.4751,26.09,91.69,1.61,19.45,Ghatkopar
2023-09-27,3.9962,26.76,91.89,2.14,20.73,Ghatkopar
2023-09-28,3.3838,27.18,90.49,1.92,17.43,Ghatkopar
2023-09-29,3.8328,27.71,86.97,1.93,16.05,Ghatkopar
2023-09-30,4.3078,27.24,90.18,2.11,18.01,Ghatkopar
2023-10-01,4.1239,26.72,92.56,2.23,13.51,Ghatkopar
2023-10-02,4.6171,26.33,88.89,1.79,10.45,Ghatkopar
2023-10-03,5.61,26.24,85.85,1.32,0.01,Ghatkopar
2023-10-04,5.9194,26.26,86.57,1.39,0.0,Ghatkopar
2023-10-05,5.8812,25.82,87.03,1.56,0.01,Ghatkopar
2023-10-06,5.7329,26.09,85.84,1.39,0.04,Ghatkopar
2023-10-07,5.7221,26.49,86.21,1.51,0.0,Ghatkopar
2023-10-08,5.357,27.15,83.12,1.47,0.0,Ghatkopar
2023-10-09,5.6599,26.84,82.8,1.64,0.0,Ghatkopar
2023-10-10,5.7516,25.99,83.43,1.95,0.0,Ghatkopar
2023-10-11,5.6904,26.17,81.64,1.58,0.0,Ghatkopar
2023-10-12,5.34,27.44,77.74,1.43,0.0,Ghatkopar
2023-10-13,5.2212,27.74,76.37,1.69,0.05,Ghatkopar
2023-10-14,5.2123,27.78,72.26,1.29,0.08,Ghatkopar
2023-10-15,5.1062,27.44,77.19,1.4,0.21,Ghatkopar
2023-10-16,4.344,27.76,76.57,1.38,0.4,Ghatkopar
2023-10-17,4.8386,27.63,75.47,1.3,0.45,Ghatkopar
2023-10-18,4.9476,26.96,77.28,2.0,0.04,Ghatkopar
2023-10-19,5.2286,27.04,75.36,1.66,0.01,Ghatkopar
2023-10-20,4.5264,27.72,74.32,1.53,0.02,Ghatkopar
2023-10-21,4.6495,27.46,76.12,1.77,0.01,Ghatkopar
2023-10-22,4.925,27.48,77.2,1.51,0.05,Ghatkopar
2023-10-23,4.9526,26.83,73.63,1.68,0.0,Ghatkopar
2023-10-24,4.9111,26.68,73.59,1.79,0.0,Ghatkopar
2023-10-25,5.113,25.92,71.17,2.15,0.0,Ghatkopar
2023-10-26,5.123,25.32,65.69,2.56,0.0,Ghatkopar
2023-10-27,5.261,24.73,64.9,2.25,0.0,Ghatkopar
2023-10-28,5.1072,25.12,64.73,2.02,0.0,Ghatkopar
2023-10-29,4.9639,25.26,63.93,1.77,0.0,Ghatkopar
2023-10-30,4.9454,25.0,65.25,2.34,0.0,Ghatkopar
2023-10-31,4.8211,24.78,67.0,2.27,0.0,Ghatkopar
2023-11-01,4.913,24.59,70.12,2.23,0.0,Ghatkopar
2023-11-02,4.7868,24.93,69.93,2.03,0.0,Ghatkopar
2023-11-03,4.5408,25.31,69.14,2.14,0.0,Ghatkopar
2023-11-04,4.345,25.78,66.62,2.55,0.0,Ghatkopar
2023-11-05,4.3277,26.29,72.09,2.37,0.01,Ghatkopar
2023-11-06,4.6109,25.16,71.9,2.7,0.01,Ghatkopar
2023-11-07,4.6042,25.66,76.32,2.05,0.0,Ghatkopar
2023-11-08,4.1657,26.07,81.78,1.92,3.53,Ghatkopar
2023-11-09,4.3222,26.56,82.13,1.23,0.72,Ghatkopar
2023-11-10,4.3224,25.68,86.64,1.77,11.2,Ghatkopar
2023-11-11,4.3219,26.08,74.28,2.17,1.33,Ghatkopar
2023-11-12,4.4246,25.8,70.49,2.65,0.0,Ghatkopar
2023-11-13,4.6514,24.98,70.54,2.46,0.0,Ghatkopar
2023-11-14,4.4698,24.93,67.93,1.8,0.0,Ghatkopar
2023-11-15,4.435,24.24,68.0,1.79,0.0,Ghatkopar
2023-11-16,4.4534,24.22,66.02,1.99,0.0,Ghatkopar
2023-11-17,4.0632,23.92,66.33,2.22,0.0,Ghatkopar
2023-11-18,4.1054,24.09,68.25,1.87,0.0,Ghatkopar
2023-11-19,4.0668,25.35,72.54,1.64,0.0,Ghatkopar
2023-11-20,4.1323,26.39,70.45,2.01,0.0,Ghatkopar
2023-11-21,4.2622,25.02,69.59,2.21,0.0,Ghatkopar
2023-11-22,4.2886,23.82,67.69,2.37,0.0,Ghatkopar
2023-11-23,4.2739,24.2,68.09,1.98,0.0,Ghatkopar
2023-11-24,4.0006,26.14,72.67,2.09,0.01,Ghatkopar
2023-11-25,4.2506,26.83,70.86,2.25,1.59,Ghatkopar
2023-11-26,2.1449,25.79,82.77,2.38,6.62,Ghatkopar
2023-11-27,3.6055,25.65,84.42,1.55,5.52,Ghatkopar
2023-11-28,4.565,24.31,83.86,1.39,0.08,Ghatkopar
2023-11-29,4.4218,23.3,81.23,1.3,0.0,Ghatkopar
2023-11-30,4.0618,23.86,82.04,1.34,0.08,Ghatkopar
2023-12-01,4.0248,23.68,83.39,1.29,0.09,Ghatkopar
2023-12-02,4.3296,24.91,78.83,1.68,0.04,Ghatkopar
2023-12-03,4.0968,25.47,75.05,2.09,0.0,Ghatkopar
2023-12-04,3.8928,26.11,75.79,1.86,0.02,Ghatkopar
2023-12-05,3.9166,25.52,71.85,1.93,0.0,Ghatkopar
2023-12-06,3.852,24.57,72.12,2.48,0.0,Ghatkopar
2023-12-07,4.3454,24.46,73.0,1.76,0.01,Ghatkopar
2023-12-08,4.3272,24.19,73.51,1.86,0.0,Ghatkopar
2023-12-09,4.6226,24.72,68.87,1.55,0.0,Ghatkopar
2023-12-10,4.6423,24.51,71.24,1.75,0.0,Ghatkopar
2023-12-11,4.6529,24.28,71.95,1.39,0.0,Ghatkopar
2023-12-12,4.5242,23.46,70.28,1.38,0.0,Ghatkopar
2023-12-13,4.3322,23.86,67.11,1.4,0.0,Ghatkopar
2023-12-14,4.0985,24.02,63.28,2.53,0.0,Ghatkopar
2023-12-15,3.9098,23.45,59.93,2.44,0.0,Ghatkopar
2023-12-16,4.0634,22.55,60.77,1.47,0.0,Ghatkopar
2023-12-17,3.534,23.55,67.15,2.27,0.05,Ghatkopar
2023-12-18,2.8627,23.24,64.3,3.95,0.33,Ghatkopar
2023-12-19,3.8431,23.03,60.35,3.73,0.0,Ghatkopar
2023-12-20,3.3197,21.87,58.44,2.82,0.0,Ghatkopar
2023-12-21,3.6082,21.79,58.9,2.61,0.0,Ghatkopar
2023-12-22,2.7413,23.51,52.96,1.74,0.0,Ghatkopar
2023-12-23,4.573,24.49,54.41,1.76,0.0,Ghatkopar
2023-12-24,4.4786,24.22,53.66,2.5,0.0,Ghatkopar
2023-12-25,4.4484,24.49,53.31,2.55,0.0,Ghatkopar
2023-12-26,4.3363,24.08,54.22,2.24,0.0,Ghatkopar
2023-12-27,4.3001,24.13,57.23,2.25,0.0,Ghatkopar
2023-12-28,4.1266,24.29,58.23,2.2,0.0,Ghatkopar
2023-12-29,4.2384,25.22,54.61,1.74,0.0,Ghatkopar
2023-12-30,4.2751,24.94,59.36,2.01,0.0,Ghatkopar
2023-12-31,4.1282,25.07,58.35,1.78,0.0,Ghatkopar
2024-01-01,4.0138,24.68,60.93,1.64,0.0,Ghatkopar
2024-01-02,4.0087,24.09,59.98,1.64,0.0,Ghatkopar
2024-01-03,3.8227,23.56,58.83,1.92,0.0,Ghatkopar
2024-01-04,4.2718,22.72,56.52,1.58,0.0,Ghatkopar
2024-01-05,4.2247,21.44,58.2,1.61,0.0,Ghatkopar
2024-01-06,3.9379,23.06,59.31,2.19,0.0,Ghatkopar
2024-01-07,4.1304,24.34,66.73,2.28,0.02,Ghatkopar
2024-01-08,4.2307,26.04,59.62,2.63,0.05,Ghatkopar
2024-01-09,3.889,25.73,64.74,2.21,0.98,Ghatkopar
2024-01-10,3.8714,25.92,61.47,1.91,0.02,Ghatkopar
2024-01-11,4.3205,26.68,60.29,1.79,0.0,Ghatkopar
2024-01-12,4.5379,26.46,54.63,2.44,0.0,Ghatkopar
2024-01-13,4.7647,26.0,56.25,2.24,0.0,Ghatkopar
2024-01-14,5.0688,24.57,51.18,2.31,0.0,Ghatkopar
2024-01-15,5.2418,22.46,46.99,2.28,0.0,Ghatkopar
2024-01-16,5.1665,21.47,50.53,1.63,0.0,Ghatkopar
2024-01-17,4.6778,21.76,59.44,1.48,0.0,Ghatkopar
2024-01-18,4.6994,22.0,60.56,1.43,0.0,Ghatkopar
2024-01-19,4.6332,22.18,54.63,1.66,0.0,Ghatkopar
2024-01-20,4.6855,22.66,56.87,1.61,0.0,Ghatkopar
2024-01-21,4.8972,22.93,50.56,1.77,0.0,Ghatkopar
2024-01-22,4.8559,23.03,50.34,2.57,0.0,Ghatkopar
2024-01-23,5.2603,21.87,42.88,2.68,0.0,Ghatkopar
2024-01-24,5.4502,21.74,39.82,2.28,0.0,Ghatkopar
2024-01-25,5.3225,22.39,38.69,2.4,0.0,Ghatkopar
2024-01-26,5.1466,23.54,39.77,2.44,0.0,Ghatkopar
2024-01-27,4.7981,24.88,41.99,1.87,0.0,Ghatkopar
2024-01-28,4.5804,24.99,43.14,1.95,0.0,Ghatkopar
2024-01-29,4.7033,24.95,41.04,1.99,0.0,Ghatkopar
2024-01-30,4.6898,24.42,42.87,1.99,0.0,Ghatkopar
2024-01-31,5.1074,24.11,50.28,1.73,0.0,Ghatkopar
2024-02-01,5.2517,23.02,62.49,1.81,0.04,Ghatkopar
2024-02-02,5.3018,23.82,58.78,2.07,0.0,Ghatkopar
2024-02-03,5.3796,26.23,43.6,2.47,0.0,Ghatkopar
2024-02-04,5.1919,27.23,43.02,2.04,0.0,Ghatkopar
2024-02-05,5.3796,27.02,44.68,1.82,0.0,Ghatkopar
2024-02-06,5.4574,26.68,45.82,1.77,0.0,Ghatkopar
2024-02-07,5.453,26.43,48.38,2.33,0.0,Ghatkopar
2024-02-08,5.5531,26.32,41.94,2.43,0.0,Ghatkopar
2024-02-09,5.6971,26.04,42.83,2.0,0.0,Ghatkopar
2024-02-10,5.7324,25.17,39.59,2.16,0.0,Ghatkopar
2024-02-11,5.6611,24.96,36.76,1.92,0.0,Ghatkopar
2024-02-12,5.2903,25.42,39.34,1.74,0.0,Ghatkopar
2024-02-13,5.0071,25.08,41.39,1.88,0.0,Ghatkopar
2024-02-14,5.2718,25.71,32.14,2.63,0.0,Ghatkopar
2024-02-15,5.4022,26.63,33.67,2.31,0.0,Ghatkopar
2024-02-16,5.1804,28.04,41.09,2.32,0.0,Ghatkopar
2024-02-17,5.4425,28.61,38.58,1.74,0.0,Ghatkopar
2024-02-18,5.8306,28.23,38.04,1.56,0.0,Ghatkopar
2024-02-19,6.2023,27.57,39.26,1.6,0.0,Ghatkopar
2024-02-20,6.2242,26.05,55.65,2.15,0.0,Ghatkopar
2024-02-21,6.0286,25.18,67.66,2.1,0.0,Ghatkopar
2024-02-22,5.9412,25.0,65.1,2.08,0.0,Ghatkopar
2024-02-23,6.3286,24.63,54.44,2.11,0.0,Ghatkopar
2024-02-24,6.4982,24.68,28.2,2.57,0.0,Ghatkopar
2024-02-25,6.4517,25.28,21.75,2.36,0.0,Ghatkopar
2024-02-26,5.3822,28.0,31.49,2.17,0.0,Ghatkopar
2024-02-27,5.2536,29.1,36.8,1.86,0.01,Ghatkopar
2024-02-28,5.6023,30.16,39.52,2.22,0.0,Ghatkopar
2024-02-29,5.9102,30.79,40.75,1.89,0.18,Ghatkopar
2024-03-01,4.9668,30.23,51.93,1.73,0.95,Ghatkopar
2024-03-02,5.947,27.82,60.91,2.46,0.37,Ghatkopar
2024-03-03,6.2352,25.06,63.04,3.19,0.09,Ghatkopar
2024-03-04,6.835,24.15,45.96,2.32,0.0,Ghatkopar
2024-03-05,6.9931,24.8,31.66,2.1,0.0,Ghatkopar
2024-03-06,6.876,25.53,29.34,1.91,0.0,Ghatkopar
2024-03-07,6.594,27.12,32.64,2.55,0.0,Ghatkopar
2024-03-08,6.6638,28.4,29.81,2.92,0.0,Ghatkopar
2024-03-09,6.7109,28.74,29.07,2.44,0.0,Ghatkopar
2024-03-10,6.7891,28.33,31.3,2.01,0.0,Ghatkopar
2024-03-11,6.4834,28.96,33.83,2.39,0.02,Ghatkopar
2024-03-12,6.5546,28.98,42.17,2.4,0.03,Ghatkopar
2024-03-13,6.6012,27.69,54.48,2.45,0.0,Ghatkopar
2024-03-14,6.6703,26.78,53.52,2.36,0.0,Ghatkopar
2024-03-15,6.9338,25.92,50.69,1.91,0.0,Ghatkopar
2024-03-16,6.6787,26.32,46.77,1.81,0.0,Ghatkopar
2024-03-17,6.7219,27.28,47.09,1.67,0.0,Ghatkopar
2024-03-18,6.6629,27.84,50.8,1.75,0.0,Ghatkopar
2024-03-19,6.8398,28.27,53.7,2.26,0.08,Ghatkopar
2024-03-20,7.0534,29.79,29.75,2.58,0.02,Ghatkopar
2024-03-21,6.6984,30.21,22.3,2.28,0.01,Ghatkopar
2024-03-22,6.516,29.91,37.13,1.74,0.1,Ghatkopar
2024-03-23,6.5407,29.45,45.86,2.23,0.02,Ghatkopar
2024-03-24,6.534,29.98,49.81,2.04,0.0,Ghatkopar
2024-03-25,6.6271,30.2,50.83,2.21,0.01,Ghatkopar
2024-03-26,6.5479,30.35,55.7,1.8,0.02,Ghatkopar
2024-03-27,6.1385,30.76,56.82,1.9,0.06,Ghatkopar
2024-03-28,5.4785,30.72,56.87,1.9,0.03,Ghatkopar
2024-03-29,5.4902,31.67,52.97,2.03,0.25,Ghatkopar
2024-03-30,5.6674,31.01,53.24,2.35,0.01,Ghatkopar
2024-03-31,6.2126,31.52,46.06,2.36,0.01,Ghatkopar
2024-04-01,6.3586,30.76,45.94,2.32,0.0,Ghatkopar
2024-04-02,6.9055,30.07,47.34,2.05,0.0,Ghatkopar
2024-04-03,6.6816,30.32,48.47,1.96,0.0,Ghatkopar
2024-04-04,6.4361,30.61,48.91,2.44,0.0,Ghatkopar
2024-04-05,6.851,31.18,53.18,2.5,0.19,Ghatkopar
2024-04-06,6.8006,31.6,45.42,2.78,0.43,Ghatkopar
2024-04-07,7.0128,30.77,48.07,2.55,0.0,Ghatkopar
2024-04-08,7.1599,30.63,52.42,1.94,0.0,Ghatkopar
2024-04-09,6.9144,30.93,53.32,1.7,0.01,Ghatkopar
2024-04-10,6.7418,31.09,52.2,2.02,0.01,Ghatkopar
2024-04-11,6.5815,31.32,46.27,2.08,0.01,Ghatkopar
2024-04-12,6.7584,31.09,45.51,1.9,0.01,Ghatkopar
2024-04-13,7.1414,29.92,50.14,1.96,0.0,Ghatkopar
2024-04-14,6.9634,30.47,54.24,2.05,0.02,Ghatkopar
2024-04-15,6.6984,33.32,50.75,2.25,0.02,Ghatkopar
2024-04-16,6.1555,36.44,32.35,2.98,0.02,Ghatkopar
2024-04-17,5.8414,35.49,35.53,2.32,0.01,Ghatkopar
2024-04-18,6.3838,33.91,50.19,2.32,0.07,Ghatkopar
2024-04-19,6.2894,33.06,50.15,2.86,0.05,Ghatkopar
2024-04-20,6.1212,32.52,49.89,2.58,0.31,Ghatkopar
2024-04-21,5.8769,31.63,49.78,2.96,0.77,Ghatkopar
2024-04-22,5.8745,31.65,51.33,2.59,0.16,Ghatkopar
2024-04-23,6.8928,31.49,50.13,2.51,0.0,Ghatkopar
2024-04-24,6.7157,31.55,52.67,2.19,0.33,Ghatkopar
2024-04-25,6.5162,32.35,50.83,2.29,0.21,Ghatkopar
2024-04-26,6.3101,32.9,50.29,2.94,0.41,Ghatkopar
2024-04-27,6.3132,33.98,47.74,2.5,0.22,Ghatkopar
2024-04-28,6.2873,34.83,46.03,2.73,0.03,Ghatkopar
2024-04-29,6.7066,34.4,41.45,2.95,0.01,Ghatkopar
2024-04-30,7.2024,33.84,44.3,2.61,0.03,Ghatkopar
2024-05-01,7.6925,32.15,48.07,2.42,0.0,Ghatkopar
2024-05-02,7.7453,31.45,49.75,2.04,0.0,Ghatkopar
2024-05-03,7.6591,30.95,50.19,2.28,0.0,Ghatkopar
2024-05-04,7.4705,31.18,54.78,2.44,0.01,Ghatkopar
2024-05-05,7.5629,32.39,56.44,2.75,0.04,Ghatkopar
2024-05-06,7.4885,31.72,59.1,2.91,0.07,Ghatkopar
2024-05-07,7.339,31.68,60.87,2.71,0.06,Ghatkopar
2024-05-08,7.3862,31.9,55.98,2.41,0.12,Ghatkopar
2024-05-09,7.1155,31.33,58.65,2.4,0.1,Ghatkopar
2024-05-10,6.5755,31.95,56.2,2.36,1.41,Ghatkopar
2024-05-11,6.2851,32.5,53.35,2.65,4.43,Ghatkopar
2024-05-12,6.5081,31.4,61.88,1.7,7.3,Ghatkopar
2024-05-13,6.1572,32.3,58.66,1.53,3.05,Ghatkopar
2024-05-14,6.8009,32.33,59.77,2.39,5.09,Ghatkopar
2024-05-15,7.1657,32.26,61.98,1.56,8.77,Ghatkopar
2024-05-16,6.6655,33.03,59.67,1.71,2.38,Ghatkopar
2024-05-17,6.4462,32.1,64.63,1.66,1.55,Ghatkopar
2024-05-18,6.4162,32.94,61.18,1.7,0.71,Ghatkopar
2024-05-19,6.875,33.15,58.77,1.92,0.86,Ghatkopar
2024-05-20,6.7034,32.85,61.37,2.18,1.12,Ghatkopar
2024-05-21,6.9086,32.49,64.86,2.38,0.76,Ghatkopar
2024-05-22,6.3869,33.21,64.65,2.31,0.82,Ghatkopar
2024-05-23,6.7954,33.46,58.74,2.31,0.19,Ghatkopar
2024-05-24,7.0375,32.49,63.89,2.68,0.05,Ghatkopar
2024-05-25,6.5597,31.72,63.88,3.32,0.13,Ghatkopar
2024-05-26,6.0626,31.72,64.31,3.41,0.16,Ghatkopar
2024-05-27,4.5833,31.81,64.38,3.84,0.05,Ghatkopar
2024-05-28,6.5124,32.13,62.56,4.13,0.07,Ghatkopar
2024-05-29,6.835,31.96,66.32,3.87,0.19,Ghatkopar
2024-05-30,6.7901,32.05,65.76,3.46,0.13,Ghatkopar
2024-05-31,7.0176,32.31,64.91,3.05,0.11,Ghatkopar
2024-06-01,6.6446,32.53,62.81,3.23,0.23,Ghatkopar
2024-06-02,6.7378,32.38,59.97,2.81,0.29,Ghatkopar
2024-06-03,5.4994,31.6,64.97,2.64,5.19,Ghatkopar
2024-06-04,6.6821,30.87,72.2,2.02,7.05,Ghatkopar
2024-06-05,7.0262,30.86,72.27,2.26,4.87,Ghatkopar
2024-06-06,7.079,31.05,69.4,2.48,2.85,Ghatkopar
2024-06-07,5.8591,30.42,72.29,2.45,2.26,Ghatkopar
2024-06-08,5.5915,29.23,78.47,2.49,23.64,Ghatkopar
2024-06-09,3.2659,28.34,85.79,2.06,30.5,Ghatkopar
2024-06-10,3.8064,28.59,80.76,2.14,20.5,Ghatkopar
2024-06-11,5.3458,28.42,80.31,2.56,7.2,Ghatkopar
2024-06-12,6.1586,29.08,80.52,2.93,5.78,Ghatkopar
2024-06-13,6.0684,29.49,79.0,2.97,15.41,Ghatkopar
2024-06-14,5.1955,29.24,82.54,2.97,14.07,Ghatkopar
2024-06-15,6.5527,29.6,79.56,2.68,3.19,Ghatkopar
2024-06-16,6.4646,29.55,77.76,2.01,2.12,Ghatkopar
2024-06-17,5.591,29.24,80.44,2.51,4.3,Ghatkopar
2024-06-18,4.1294,28.68,82.82,3.02,16.5,Ghatkopar
2024-06-19,3.473,28.79,82.59,4.1,22.81,Ghatkopar
2024-06-20,2.0419,28.83,84.56,4.46,32.23,Ghatkopar
2024-06-21,4.999,29.34,84.46,3.85,16.57,Ghatkopar
2024-06-22,3.7286,29.62,82.99,2.5,12.65,Ghatkopar
2024-06-23,4.5842,28.7,83.23,2.1,13.84,Ghatkopar
2024-06-24,3.8021,29.0,79.69,2.15,11.49,Ghatkopar
2024-06-25,6.1661,28.36,82.67,2.54,4.34,Ghatkopar
2024-06-26,4.9046,27.95,87.6,2.87,20.03,Ghatkopar
2024-06-27,5.0105,27.85,91.26,6.13,39.71,Ghatkopar
2024-06-28,1.7143,27.41,92.0,6.21,42.02,Ghatkopar
2024-06-29,4.3622,28.45,87.34,4.79,20.19,Ghatkopar
2024-06-30,2.801,28.24,87.47,5.09,12.74,Ghatkopar
2024-07-01,4.085,28.34,86.08,6.66,23.8,Ghatkopar
2024-07-02,3.7085,28.15,88.01,6.59,25.75,Ghatkopar
2024-07-03,4.4496,28.36,85.66,5.3,6.79,Ghatkopar
2024-07-04,4.471,28.05,87.24,4.52,13.04,Ghatkopar
2024-07-05,3.5443,28.0,88.6,4.98,18.03,Ghatkopar
2024-07-06,2.9218,28.03,88.61,5.51,39.52,Ghatkopar
2024-07-07,3.0408,27.82,90.24,4.19,58.64,Ghatkopar
2024-07-08,2.5656,27.57,90.94,3.42,56.74,Ghatkopar
2024-07-09,3.4462,26.81,89.86,2.81,40.59,Ghatkopar
2024-07-10,4.6474,26.64,88.75,2.6,13.21,Ghatkopar
2024-07-11,2.4091,27.37,90.23,3.25,20.43,Ghatkopar
2024-07-12,2.5207,27.18,92.96,3.84,80.45,Ghatkopar
2024-07-13,1.1426,27.02,93.15,5.25,92.31,Ghatkopar
2024-07-14,3.5429,27.19,93.61,4.3,53.06,Ghatkopar
2024-07-15,2.9328,27.1,90.44,2.32,30.52,Ghatkopar
2024-07-16,3.2926,25.83,89.18,2.35,9.37,Ghatkopar
2024-07-17,4.5108,26.79,92.55,4.6,25.98,Ghatkopar
2024-07-18,2.0256,26.76,93.73,5.25,48.74,Ghatkopar
2024-07-19,1.7774,26.71,93.1,5.09,43.23,Ghatkopar
2024-07-20,1.4261,26.47,94.34,5.0,69.62,Ghatkopar
2024-07-21,1.6202,26.69,94.25,4.42,87.64,Ghatkopar
2024-07-22,1.6692,26.29,94.02,4.58,70.85,Ghatkopar
2024-07-23,2.3554,26.54,93.88,4.93,61.65,Ghatkopar
2024-07-24,1.3121,26.42,93.67,4.96,67.36,Ghatkopar
2024-07-25,1.3968,25.95,92.44,5.39,142.54,Ghatkopar
2024-07-26,2.5781,26.44,92.1,5.37,21.55,Ghatkopar
2024-07-27,2.5073,26.48,92.19,4.81,13.78,Ghatkopar
2024-07-28,1.9656,26.18,93.55,4.43,28.97,Ghatkopar
2024-07-29,2.2682,26.35,93.76,4.18,41.28,Ghatkopar
2024-07-30,4.5583,26.82,92.31,3.99,33.89,Ghatkopar
2024-07-31,5.0359,27.03,92.2,3.59,21.69,Ghatkopar
2024-08-01,4.4345,26.74,92.64,4.35,28.05,Ghatkopar
2024-08-02,3.9312,26.3,93.4,4.83,33.26,Ghatkopar
2024-08-03,1.4203,26.01,93.59,5.56,103.94,Ghatkopar
2024-08-04,1.8446,25.98,94.4,4.57,41.18,Ghatkopar
2024-08-05,3.6348,26.38,92.21,4.28,19.7,Ghatkopar
2024-08-06,2.827,26.34,91.47,3.78,17.03,Ghatkopar
2024-08-07,3.4721,26.55,90.71,3.21,11.21,Ghatkopar
2024-08-08,3.3612,26.54,90.23,3.16,8.99,Ghatkopar
2024-08-09,3.0655,26.75,90.92,3.07,11.6,Ghatkopar
2024-08-10,4.7942,26.63,90.84,2.88,9.25,Ghatkopar
2024-08-11,4.8358,26.53,90.56,3.16,8.32,Ghatkopar
2024-08-12,4.2941,26.79,89.99,2.95,3.94,Ghatkopar
2024-08-13,4.7066,26.97,89.53,2.39,2.71,Ghatkopar
2024-08-14,5.2279,27.08,88.25,1.89,1.02,Ghatkopar
2024-08-15,5.801,27.09,88.32,1.99,0.64,Ghatkopar
2024-08-16,5.7262,27.24,88.44,1.84,1.28,Ghatkopar
2024-08-17,5.6002,27.47,86.03,1.27,20.13,Ghatkopar
2024-08-18,5.5373,27.39,89.45,1.86,42.32,Ghatkopar
2024-08-19,5.0602,26.87,94.14,2.13,19.39,Ghatkopar
2024-08-20,3.0598,27.19,91.72,2.08,5.64,Ghatkopar
2024-08-21,5.3846,27.66,88.12,1.4,2.15,Ghatkopar
2024-08-22,5.0086,27.83,88.44,1.09,3.98,Ghatkopar
2024-08-23,2.9498,27.73,88.86,1.55,15.2,Ghatkopar
2024-08-24,1.0042,26.4,93.2,3.02,67.52,Ghatkopar
2024-08-25,1.247,26.29,92.45,4.39,58.74,Ghatkopar
2024-08-26,2.7408,26.5,92.6,4.78,34.42,Ghatkopar
2024-08-27,4.3051,26.63,90.55,5.67,23.38,Ghatkopar
2024-08-28,3.6514,26.6,91.1,5.28,15.4,Ghatkopar
2024-08-29,3.87,26.75,90.64,4.7,7.8,Ghatkopar
2024-08-30,5.2658,26.84,89.7,3.38,7.34,Ghatkopar
2024-08-31,5.82,26.49,90.24,2.31,3.64,Ghatkopar
2024-09-01,4.123,26.25,92.21,2.23,2.75,Ghatkopar
2024-09-02,2.2375,25.49,93.82,2.38,21.39,Ghatkopar
2024-09-03,4.0344,25.13,92.46,1.57,13.67,Ghatkopar
2024-09-04,5.2387,26.79,91.26,3.63,15.46,Ghatkopar
2024-09-05,4.3351,26.82,91.2,3.72,21.4,Ghatkopar
2024-09-06,3.8534,26.79,89.96,3.63,14.01,Ghatkopar
2024-09-07,5.4259,26.54,90.29,2.8,16.13,Ghatkopar
2024-09-08,6.0778,26.49,91.03,2.42,6.61,Ghatkopar
2024-09-09,5.435,26.79,89.52,2.28,9.06,Ghatkopar
2024-09-10,4.9025,26.55,89.76,2.38,8.47,Ghatkopar
2024-09-11,4.8943,26.4,90.24,2.67,9.33,Ghatkopar
2024-09-12,4.8425,26.39,89.71,2.95,6.03,Ghatkopar
2024-09-13,5.7665,25.8,89.37,2.52,2.91,Ghatkopar
2024-09-14,5.0064,26.21,87.76,2.62,10.11,Ghatkopar
2024-09-15,4.8857,26.39,86.78,2.38,11.88,Ghatkopar
2024-09-16,6.2138,26.27,83.69,1.53,3.16,Ghatkopar
2024-09-17,6.4474,25.76,84.92,1.94,2.3,Ghatkopar
2024-09-18,6.0948,26.0,83.9,1.26,0.99,Ghatkopar
2024-09-19,5.4638,26.17,83.13,1.09,0.1,Ghatkopar
2024-09-20,5.2747,26.69,83.19,1.2,0.29,Ghatkopar
2024-09-21,5.329,26.57,87.2,1.9,0.48,Ghatkopar
2024-09-22,5.0081,26.78,89.71,2.59,8.46,Ghatkopar
2024-09-23,4.2994,27.19,91.7,2.45,22.04,Ghatkopar
2024-09-24,2.3268,26.73,94.3,3.39,45.96,Ghatkopar
2024-09-25,3.3259,26.49,94.67,3.58,70.9,Ghatkopar
2024-09-26,1.4527,26.37,92.91,2.52,74.73,Ghatkopar
2024-09-27,1.3903,26.27,93.29,3.79,66.92,Ghatkopar
2024-09-28,2.4756,26.42,90.08,2.54,9.71,Ghatkopar
2024-09-29,4.399,26.23,90.79,1.91,4.17,Ghatkopar
2024-09-30,5.8212,27.33,85.53,0.95,1.09,Ghatkopar
2024-10-01,5.7883,27.9,87.09,1.35,0.5,Ghatkopar
2024-10-02,5.7912,27.7,89.93,1.4,2.4,Ghatkopar
2024-10-03,5.6825,27.26,88.56,1.35,1.13,Ghatkopar
2024-10-04,5.9071,26.61,87.78,1.49,0.18,Ghatkopar
2024-10-05,6.1874,26.81,85.06,1.29,0.04,Ghatkopar
2024-10-06,5.754,27.57,83.32,1.62,6.54,Ghatkopar
2024-10-07,5.5925,27.97,79.1,2.15,0.39,Ghatkopar
2024-10-08,5.3904,27.62,80.74,1.86,2.08,Ghatkopar
2024-10-09,1.9471,26.2,88.78,1.51,7.3,Ghatkopar
2024-10-10,2.681,26.99,86.82,1.87,43.1,Ghatkopar
2024-10-11,4.4254,27.61,86.08,2.06,34.61,Ghatkopar
2024-10-12,5.262,28.12,85.78,1.9,1.62,Ghatkopar
2024-10-13,5.3186,28.33,85.84,1.21,34.7,Ghatkopar
2024-10-14,5.6671,28.37,83.15,1.49,5.03,Ghatkopar
2024-10-15,4.9517,27.96,87.6,1.45,9.34,Ghatkopar
2024-10-16,4.4364,28.32,85.22,1.35,6.89,Ghatkopar
2024-10-17,2.6911,27.86,86.8,1.66,3.83,Ghatkopar
2024-10-18,4.4786,27.45,87.62,2.07,6.57,Ghatkopar
2024-10-19,4.6675,26.97,90.54,1.27,7.19,Ghatkopar
2024-10-20,5.359,27.86,82.63,1.2,11.86,Ghatkopar
2024-10-21,4.9999,26.63,84.35,1.67,1.25,Ghatkopar
2024-10-22,5.4185,27.75,82.22,1.3,4.38,Ghatkopar
2024-10-23,4.9963,27.64,83.21,1.56,1.97,Ghatkopar
2024-10-24,4.9255,27.14,77.82,1.81,0.03,Ghatkopar
2024-10-25,5.2925,26.19,73.8,1.91,0.0,Ghatkopar
2024-10-26,5.5397,25.64,76.57,2.05,0.0,Ghatkopar
2024-10-27,5.5925,25.39,78.1,1.65,0.0,Ghatkopar
2024-10-28,5.574,26.2,80.14,1.23,0.0,Ghatkopar
2024-10-29,5.2414,26.55,80.71,1.39,0.97,Ghatkopar
2024-10-30,5.1209,26.81,76.92,1.42,0.84,Ghatkopar
2024-10-31,5.0652,26.97,76.86,1.96,0.04,Ghatkopar
2024-11-01,4.8526,26.46,74.52,2.16,0.01,Ghatkopar
2024-11-02,5.237,26.0,69.49,2.24,0.0,Ghatkopar
2024-11-03,5.143,25.41,71.67,2.18,0.0,Ghatkopar
2024-11-04,4.6654,25.66,72.21,2.21,0.0,Ghatkopar
2024-11-05,4.7064,25.49,73.02,2.19,0.0,Ghatkopar
2024-11-06,5.1739,25.21,72.65,2.29,0.0,Ghatkopar
2024-11-07,5.0482,24.71,74.86,2.54,0.0,Ghatkopar
2024-11-08,4.7426,25.03,75.02,2.41,0.0,Ghatkopar
2024-11-09,4.4868,24.93,73.55,2.4,0.0,Ghatkopar
2024-11-10,4.4508,24.86,73.69,2.27,0.0,Ghatkopar
2024-11-11,4.4136,24.12,73.58,2.39,0.0,Ghatkopar
2024-11-12,4.7561,23.46,73.79,2.76,0.0,Ghatkopar
2024-11-13,4.9166,23.67,74.31,2.7,0.0,Ghatkopar
2024-11-14,5.0215,24.65,74.54,2.71,0.0,Ghatkopar
2024-11-15,3.6062,25.4,81.1,2.12,0.45,Ghatkopar
2024-11-16,4.0178,26.6,76.46,1.34,0.05,Ghatkopar
2024-11-17,4.2955,25.51,75.89,2.43,0.0,Ghatkopar
2024-11-18,4.8588,23.24,69.04,2.86,0.01,Ghatkopar
2024-11-19,4.5274,22.21,71.65,2.78,0.0,Ghatkopar
2024-11-20,4.3222,22.0,71.79,2.71,0.0,Ghatkopar
2024-11-21,4.3661,22.25,70.82,2.09,0.0,Ghatkopar
2024-11-22,4.3121,22.62,70.06,1.87,0.0,Ghatkopar
2024-11-23,4.1558,22.92,67.02,1.59,0.0,Ghatkopar
2024-11-24,3.8789,22.82,69.37,1.62,0.0,Ghatkopar
2024-11-25,4.1635,22.2,70.94,2.49,0.0,Ghatkopar
2024-11-26,4.4232,21.17,70.21,3.14,0.0,Ghatkopar
2024-11-27,4.8372,20.93,68.4,3.23,0.0,Ghatkopar
2024-11-28,4.7604,20.65,68.97,3.42,0.01,Ghatkopar
2024-11-29,4.7033,20.11,65.87,3.01,0.06,Ghatkopar
2024-11-30,4.4736,21.33,66.75,2.47,0.0,Ghatkopar
2024-12-01,3.9331,23.6,79.06,2.0,0.02,Ghatkopar
2024-12-02,4.0291,25.36,80.17,2.27,0.24,Ghatkopar
2024-12-03,3.5453,26.48,79.17,2.49,1.14,Ghatkopar
2024-12-04,3.6864,26.73,82.0,2.06,2.52,Ghatkopar
2024-12-05,4.1746,26.72,80.89,2.08,0.21,Ghatkopar
2024-12-06,4.3296,26.42,81.52,1.53,0.02,Ghatkopar
2024-12-07,4.6303,24.28,76.06,1.96,0.0,Ghatkopar
2024-12-08,4.829,21.71,66.95,1.92,0.0,Ghatkopar
2024-12-09,4.5737,19.77,61.51,2.52,0.0,Ghatkopar
2024-12-10,4.7753,20.98,62.27,2.83,0.0,Ghatkopar
2024-12-11,4.5425,22.4,69.82,2.17,0.0,Ghatkopar
2024-12-12,4.4683,22.05,67.08,1.66,0.0,Ghatkopar
2024-12-13,4.523,21.3,66.42,3.23,0.0,Ghatkopar
2024-12-14,4.6102,20.8,62.04,3.41,0.17,Ghatkopar
2024-12-15,4.6145,21.25,58.84,3.0,0.23,Ghatkopar
2024-12-16,4.9742,21.04,53.07,2.7,0.0,Ghatkopar
2024-12-17,4.5674,21.06,54.29,1.99,0.0,Ghatkopar
2024-12-18,4.5497,21.49,53.8,1.83,0.0,Ghatkopar
2024-12-19,4.1174,21.43,62.33,1.85,0.0,Ghatkopar
2024-12-20,4.0289,21.72,74.79,1.33,0.0,Ghatkopar
2024-12-21,3.9523,21.95,77.32,1.48,0.0,Ghatkopar
2024-12-22,3.1402,22.25,84.68,1.55,0.02,Ghatkopar
2024-12-23,3.0986,22.07,86.32,1.76,0.01,Ghatkopar
2024-12-24,2.9698,21.69,79.18,1.94,0.0,Ghatkopar
2024-12-25,3.5076,21.98,77.09,1.55,0.0,Ghatkopar
2024-12-26,3.6799,22.68,78.33,1.68,0.0,Ghatkopar
2024-12-27,3.9031,23.32,81.35,1.75,0.01,Ghatkopar
2024-12-28,3.6847,23.93,79.1,1.59,0.48,Ghatkopar
2024-12-29,4.0277,24.68,73.57,1.76,0.04,Ghatkopar
2024-12-30,3.9722,24.62,69.71,2.05,0.0,Ghatkopar
2024-12-31,4.0906,24.68,65.9,2.09,0.0,Ghatkopar
2025-01-01,4.2398,24.25,68.91,2.11,0.0,Ghatkopar
2025-01-02,4.8276,24.18,59.35,2.33,0.0,Ghatkopar
2025-01-03,5.0678,22.78,51.64,2.75,1.2,Ghatkopar
2025-01-04,5.1506,22.4,52.93,2.33,0.0,Ghatkopar
2025-01-05,3.8926,22.43,57.64,1.51,0.0,Ghatkopar
2025-01-06,4.3522,21.63,61.43,2.06,0.0,Ghatkopar
2025-01-07,4.2979,22.27,58.15,2.11,0.0,Ghatkopar
2025-01-08,4.5487,22.38,55.6,2.74,0.02,Ghatkopar
2025-01-09,4.5353,22.55,47.35,2.72,0.0,Ghatkopar
2025-01-10,3.7207,22.74,56.5,2.29,0.0,Ghatkopar
2025-01-11,3.8215,22.49,64.19,1.73,0.0,Ghatkopar
2025-01-12,3.7039,22.18,64.08,1.93,0.0,Ghatkopar
2025-01-13,3.5436,23.7,63.03,2.6,0.0,Ghatkopar
2025-01-14,3.8688,24.32,61.74,2.31,0.0,Ghatkopar
2025-01-15,4.057,24.73,66.68,2.05,0.0,Ghatkopar
2025-01-16,4.0298,24.19,66.17,1.65,0.0,Ghatkopar
2025-01-17,3.8909,24.94,56.29,2.9,0.0,Ghatkopar
2025-01-18,4.3776,24.64,51.64,3.26,0.0,Ghatkopar
2025-01-19,4.477,24.09,52.92,2.47,0.0,Ghatkopar
2025-01-20,4.7244,24.24,50.13,2.18,0.0,Ghatkopar
2025-01-21,4.8761,23.72,50.94,1.91,0.0,Ghatkopar
2025-01-22,4.6013,23.63,51.95,1.79,0.0,Ghatkopar
2025-01-23,4.7489,23.4,51.46,1.99,0.0,Ghatkopar
2025-01-24,4.6894,24.75,53.97,2.27,0.0,Ghatkopar
2025-01-25,4.7561,26.19,52.91,2.37,0.0,Ghatkopar
2025-01-26,5.0498,26.44,50.87,2.17,0.0,Ghatkopar
2025-01-27,5.2008,26.02,49.78,1.85,0.0,Ghatkopar
2025-01-28,5.219,25.55,47.92,1.46,0.0,Ghatkopar
2025-01-29,5.4038,25.52,46.76,1.59,0.0,Ghatkopar
2025-01-30,5.0954,24.91,49.07,1.81,0.0,Ghatkopar
2025-01-31,5.3086,23.58,53.3,1.76,0.0,Ghatkopar
2025-02-01,5.2783,23.02,55.8,1.94,0.0,Ghatkopar
2025-02-02,5.0549,24.32,47.32,1.7,0.0,Ghatkopar
2025-02-03,4.8689,24.27,54.08,1.86,0.0,Ghatkopar
2025-02-04,4.9966,23.48,57.64,2.15,0.0,Ghatkopar
2025-02-05,5.2939,23.93,46.89,2.37,0.0,Ghatkopar
2025-02-06,5.0131,25.5,48.34,1.84,0.0,Ghatkopar
2025-02-07,4.8564,26.73,49.26,2.37,0.0,Ghatkopar
2025-02-08,4.8019,27.08,47.38,1.73,0.0,Ghatkopar
2025-02-09,4.7858,27.21,46.35,1.84,0.0,Ghatkopar
2025-02-10,5.0141,26.69,42.53,2.19,0.0,Ghatkopar
2025-02-11,5.4677,25.99,40.72,2.09,0.0,Ghatkopar
2025-02-12,5.9254,25.88,37.42,2.23,0.0,Ghatkopar
2025-02-13,5.9232,26.87,32.54,2.39,0.0,Ghatkopar
2025-02-14,5.881,27.32,32.27,2.79,0.0,Ghatkopar
2025-02-15,6.0912,27.51,30.96,2.58,0.0,Ghatkopar
2025-02-16,6.1025,27.19,33.64,2.38,0.01,Ghatkopar
2025-02-17,6.089,27.19,40.96,2.27,0.17,Ghatkopar
2025-02-18,5.953,27.59,38.47,2.22,0.08,Ghatkopar
2025-02-19,5.965,27.36,40.6,2.32,0.0,Ghatkopar
2025-02-20,6.1049,28.16,35.31,2.7,0.01,Ghatkopar
2025-02-21,6.0535,28.94,29.24,3.11,0.0,Ghatkopar
2025-02-22,5.999,29.28,29.68,2.81,0.0,Ghatkopar
2025-02-23,6.2618,29.1,28.85,2.65,0.0,Ghatkopar
2025-02-24,6.2081,29.17,26.56,2.69,0.0,Ghatkopar
2025-02-25,5.9357,29.47,28.68,2.49,0.0,Ghatkopar
2025-02-26,6.0082,29.86,32.05,2.03,0.0,Ghatkopar
2025-02-27,5.9189,29.84,32.37,2.45,0.0,Ghatkopar
2025-02-28,5.6592,29.71,32.22,2.12,0.0,Ghatkopar
2025-03-01,5.6352,29.61,35.58,2.23,0.01,Ghatkopar
2025-03-02,5.9304,29.43,34.91,2.61,0.0,Ghatkopar
2025-03-03,5.9441,29.92,31.6,3.09,0.49,Ghatkopar
2025-03-04,5.9666,29.9,27.22,3.56,0.0,Ghatkopar
2025-03-05,6.811,29.34,18.57,2.86,0.0,Ghatkopar
2025-03-06,6.8861,28.67,17.61,3.11,0.0,Ghatkopar
2025-03-07,6.9043,29.04,21.5,2.68,0.0,Ghatkopar
2025-03-08,6.8467,29.14,31.87,2.25,0.0,Ghatkopar
2025-03-09,6.7325,30.18,39.44,2.25,0.0,Ghatkopar
2025-03-10,6.3295,31.55,29.08,2.4,0.0,Ghatkopar
2025-03-11,5.9388,31.97,35.49,2.34,0.0,Ghatkopar
2025-03-12,5.981,31.63,40.79,1.81,0.04,Ghatkopar
2025-03-13,6.0154,31.33,41.68,2.09,0.07,Ghatkopar
2025-03-14,6.5532,30.55,45.59,2.21,0.04,Ghatkopar
2025-03-15,6.0958,30.33,45.16,2.29,0.02,Ghatkopar
2025-03-16,6.0859,30.04,45.97,2.58,0.0,Ghatkopar
2025-03-17,6.3833,29.52,42.97,2.69,0.61,Ghatkopar
2025-03-18,6.7634,29.41,43.21,1.95,0.02,Ghatkopar
2025-03-19,6.8554,28.73,48.4,1.83,0.0,Ghatkopar
2025-03-20,6.7526,29.23,40.1,2.86,0.0,Ghatkopar
2025-03-21,7.05,27.68,48.31,2.35,0.0,Ghatkopar
2025-03-22,6.9593,28.84,44.3,2.07,0.11,Ghatkopar
2025-03-23,6.8818,30.07,43.43,1.81,0.26,Ghatkopar
2025-03-24,6.5791,30.72,46.84,1.8,0.1,Ghatkopar
2025-03-25,6.5681,30.67,39.7,2.11,0.48,Ghatkopar
2025-03-26,6.521,29.33,51.77,2.14,0.07,Ghatkopar
2025-03-27,6.2976,28.63,52.73,2.4,0.0,Ghatkopar
2025-03-28,6.4699,29.84,46.97,2.19,0.0,Ghatkopar
2025-03-29,6.1831,31.78,23.77,2.36,0.0,Ghatkopar
2025-03-30,5.6246,32.06,28.11,1.85,0.22,Ghatkopar
2025-03-31,5.4473,32.49,40.92,1.6,0.33,Ghatkopar
2025-04-01,2.862,32.48,37.36,1.69,0.1,Ghatkopar
2025-04-02,5.5896,33.0,39.44,2.3,0.16,Ghatkopar
2025-04-03,5.4854,30.55,57.68,1.83,1.56,Ghatkopar
2025-04-04,6.2287,30.67,53.09,2.01,1.18,Ghatkopar
2025-04-05,6.8839,31.68,39.45,2.5,2.1,Ghatkopar
2025-04-06,7.0598,32.01,42.12,2.35,0.47,Ghatkopar
2025-04-07,7.0932,32.6,40.05,2.46,0.01,Ghatkopar
2025-04-08,6.9626,33.21,30.76,2.38,0.0,Ghatkopar
2025-04-09,6.8314,32.71,41.76,2.35,0.02,Ghatkopar
2025-04-10,6.6158,31.19,57.75,2.26,0.04,Ghatkopar
2025-04-11,6.9986,30.25,56.84,2.21,0.01,Ghatkopar
2025-04-12,6.9578,29.91,57.67,2.09,0.0,Ghatkopar
2025-04-13,7.2444,31.21,52.92,2.6,0.0,Ghatkopar
2025-04-14,7.4335,31.71,47.64,3.22,0.0,Ghatkopar
2025-04-15,7.2281,31.08,51.84,2.71,0.0,Ghatkopar
2025-04-16,7.1647,30.8,60.95,2.36,0.0,Ghatkopar
2025-04-17,7.1736,30.89,58.98,2.12,0.0,Ghatkopar
2025-04-18,7.1858,31.07,58.49,2.14,0.0,Ghatkopar
2025-04-19,7.0358,31.3,56.71,2.38,0.0,Ghatkopar
2025-04-20,7.1378,31.14,53.89,2.39,0.0,Ghatkopar
2025-04-21,7.0639,31.38,56.84,2.34,0.07,Ghatkopar
2025-04-22,6.9665,32.04,50.28,2.43,0.03,Ghatkopar
2025-04-23,6.5911,32.48,49.17,1.9,0.22,Ghatkopar
2025-04-24,6.7738,32.0,49.69,1.82,0.03,Ghatkopar
2025-04-25,6.2244,31.43,46.44,1.91,0.0,Ghatkopar
2025-04-26,7.0073,31.63,48.24,1.75,0.01,Ghatkopar
2025-04-27,7.4446,32.0,50.96,2.32,0.0,Ghatkopar
2025-04-28,7.1004,32.22,52.29,2.14,0.03,Ghatkopar
2025-04-29,7.1436,31.48,54.1,2.08,0.02,Ghatkopar
2025-04-30,7.0824,31.56,54.02,2.19,0.08,Ghatkopar
2025-05-01,7.3368,32.02,54.24,2.59,0.04,Ghatkopar
2025-05-02,7.3675,32.26,53.25,2.6,0.01,Ghatkopar
2025-05-03,7.3375,31.55,53.47,2.21,0.03,Ghatkopar
2025-05-04,6.7673,29.54,59.54,2.22,0.02,Ghatkopar
2025-05-05,6.7478,30.58,61.88,2.0,0.04,Ghatkopar
2025-05-06,6.467,29.53,61.27,1.82,1.96,Ghatkopar
2025-05-07,3.114,28.52,69.58,2.76,11.4,Ghatkopar
2025-05-08,5.5896,27.9,78.09,2.72,16.0,Ghatkopar
2025-05-09,6.5638,28.68,75.34,2.73,9.76,Ghatkopar
2025-05-10,7.0954,29.46,68.94,2.11,3.14,Ghatkopar
2025-05-11,7.0217,30.0,63.86,2.06,2.27,Ghatkopar
2025-05-12,6.798,30.54,64.26,1.94,1.69,Ghatkopar
2025-05-13,6.6804,30.67,65.33,1.6,8.18,Ghatkopar
2025-05-14,6.6348,30.94,65.6,1.59,5.56,Ghatkopar
2025-05-15,6.6574,30.49,69.38,1.59,3.36,Ghatkopar
2025-05-16,6.2498,30.02,72.07,1.94,2.52,Ghatkopar
2025-05-17,6.0624,29.98,72.55,2.07,4.57,Ghatkopar
2025-05-18,6.4807,30.03,72.92,1.82,3.56,Ghatkopar
2025-05-19,5.357,28.93,80.02,2.01,9.43,Ghatkopar
2025-05-20,4.3061,29.61,81.77,1.68,28.04,Ghatkopar
2025-05-21,3.6818,29.1,83.04,1.6,11.29,Ghatkopar
2025-05-22,4.225,28.57,83.3,1.23,16.94,Ghatkopar
2025-05-23,3.7378,29.62,77.21,1.68,5.02,Ghatkopar
2025-05-24,2.0057,28.48,84.38,1.78,31.52,Ghatkopar
2025-05-25,1.8343,27.79,86.53,3.27,68.55,Ghatkopar
2025-05-26,1.3486,28.04,86.8,4.11,100.34,Ghatkopar
2025-05-27,1.385,27.43,89.56,2.87,33.64,Ghatkopar
2025-05-28,4.2504,28.25,88.13,2.96,13.21,Ghatkopar
2025-05-29,5.4871,28.33,88.6,3.14,10.94,Ghatkopar
2025-05-30,5.9503,28.86,82.54,3.54,1.1,Ghatkopar
2025-05-31,5.8697,28.78,81.77,3.57,2.77,Ghatkopar
2025-06-01,6.0432,28.89,82.82,3.76,7.89,Ghatkopar
2025-06-02,6.0571,28.41,84.43,3.85,5.06,Ghatkopar
2025-06-03,6.1668,28.28,84.52,3.73,11.28,Ghatkopar
2025-06-04,5.3234,27.98,83.16,2.7,6.15,Ghatkopar
2025-06-05,5.9902,28.16,81.56,1.8,3.75,Ghatkopar
2025-06-06,6.0912,28.17,82.59,1.8,11.87,Ghatkopar
2025-06-07,4.6231,27.69,84.61,1.77,15.46,Ghatkopar
2025-06-08,6.0696,28.34,81.89,1.93,0.57,Ghatkopar
2025-06-09,5.9688,28.45,81.76,2.77,0.19,Ghatkopar
2025-06-10,6.2376,28.51,79.95,2.52,0.41,Ghatkopar
2025-06-11,5.9923,28.52,83.45,2.68,2.94,Ghatkopar
2025-06-12,4.9867,28.35,89.0,3.3,14.24,Ghatkopar
2025-06-13,3.5539,27.81,89.31,3.1,25.31,Ghatkopar
2025-06-14,5.1341,28.28,89.91,2.0,25.92,Ghatkopar
2025-06-15,1.1522,27.63,93.16,2.81,47.35,Ghatkopar
2025-06-16,1.1414,27.37,91.02,5.34,93.66,Ghatkopar
2025-06-17,5.5687,28.04,86.35,5.86,23.92,Ghatkopar
2025-06-18,3.0862,27.91,88.7,5.29,88.05,Ghatkopar
2025-06-19,1.1215,27.38,90.74,5.02,55.21,Ghatkopar
2025-06-20,4.9145,27.75,88.72,5.01,16.29,Ghatkopar
2025-06-21,4.5962,27.61,88.63,4.68,11.84,Ghatkopar
2025-06-22,3.7939,27.48,88.28,4.81,13.85,Ghatkopar
2025-06-23,2.089,27.38,88.5,5.42,29.96,Ghatkopar
2025-06-24,2.3815,27.29,89.75,4.97,22.52,Ghatkopar
2025-06-25,3.5278,27.45,88.88,5.09,10.67,Ghatkopar
2025-06-26,2.8951,27.23,89.04,4.92,16.88,Ghatkopar
2025-06-27,3.6559,27.11,89.33,5.15,20.06,Ghatkopar
2025-06-28,4.1414,27.06,87.28,5.57,12.15,Ghatkopar
2025-06-29,4.6478,26.75,90.34,4.81,12.81,Ghatkopar
2025-06-30,4.8425,27.05,89.31,5.08,16.89,Ghatkopar
2025-07-01,2.7996,26.73,90.0,4.59,21.23,Ghatkopar
2025-07-02,3.0732,26.55,91.28,4.05,32.22,Ghatkopar
2025-07-03,4.2062,26.79,89.93,5.26,36.59,Ghatkopar
2025-07-04,3.6108,26.84,89.85,5.57,27.31,Ghatkopar
2025-07-05,1.8473,26.61,91.31,5.04,42.63,Ghatkopar
2025-07-06,1.5389,26.55,90.09,5.18,30.2,Ghatkopar
2025-07-07,2.5538,26.54,89.8,4.47,14.49,Ghatkopar
2025-07-08,2.7194,26.49,90.65,4.14,8.2,Ghatkopar
2025-07-09,4.842,26.44,90.84,3.8,16.02,Ghatkopar
2025-07-10,4.9001,26.73,90.55,3.37,9.58,Ghatkopar
2025-07-11,5.855,26.77,90.09,3.13,12.23,Ghatkopar
2025-07-12,5.0501,26.73,89.88,3.35,11.73,Ghatkopar
2025-07-13,4.0927,26.8,89.74,3.7,11.93,Ghatkopar
2025-07-14,2.8226,26.91,90.52,4.56,31.44,Ghatkopar
2025-07-15,3.8942,26.94,90.66,3.85,39.11,Ghatkopar
2025-07-16,5.2241,26.83,90.72,3.0,9.19,Ghatkopar
2025-07-17,5.364,26.68,89.74,2.55,2.21,Ghatkopar
2025-07-18,4.8415,26.79,88.48,2.67,2.04,Ghatkopar
2025-07-19,5.2805,26.78,89.53,2.87,6.0,Ghatkopar
2025-07-20,3.5218,27.09,88.76,2.96,22.0,Ghatkopar
2025-07-21,2.3338,26.9,90.87,3.16,47.27,Ghatkopar
2025-07-22,3.5114,26.74,90.66,3.25,35.44,Ghatkopar
2025-07-23,3.4894,26.48,91.73,3.72,53.02,Ghatkopar
2025-07-24,3.8894,26.71,91.19,4.14,41.4,Ghatkopar
2025-07-25,2.497,26.5,91.9,4.44,57.88,Ghatkopar
2025-07-26,3.1188,26.1,92.51,4.92,54.89,Ghatkopar
2025-07-27,3.1649,26.1,90.58,5.41,27.16,Ghatkopar
2025-07-28,2.5824,26.02,89.98,5.55,16.23,Ghatkopar
2025-07-29,2.317,25.77,90.45,5.5,14.29,Ghatkopar
2025-07-30,2.22,25.87,91.19,4.2,9.63,Ghatkopar
2025-07-31,3.463,26.15,90.38,4.23,6.84,Ghatkopar
2025-08-01,3.8885,26.1,90.25,3.5,3.94,Ghatkopar
2025-08-02,3.9214,25.9,90.73,2.79,6.59,Ghatkopar
2025-08-03,4.4081,26.26,89.67,2.5,4.35,Ghatkopar
2025-08-04,4.9822,26.3,89.53,2.31,1.83,Ghatkopar
2025-08-05,5.4283,26.35,89.21,1.96,3.74,Ghatkopar
2025-08-06,4.9452,26.58,88.0,1.73,4.55,Ghatkopar
2025-08-07,2.6986,26.54,88.8,1.82,4.13,Ghatkopar
2025-08-08,3.5198,26.47,88.25,1.49,3.4,Ghatkopar
2025-08-09,4.2787,26.35,87.62,1.65,9.14,Ghatkopar
2025-08-10,3.3514,26.23,87.57,1.57,11.53,Ghatkopar
2025-08-11,5.1487,26.28,89.3,2.21,13.59,Ghatkopar
2025-08-12,4.6879,26.26,88.8,2.03,5.51,Ghatkopar
2025-08-13,2.1806,26.16,90.4,2.2,26.15,Ghatkopar
2025-08-14,2.3863,26.1,90.64,2.6,20.51,Ghatkopar
2025-08-15,1.7009,25.72,92.22,2.24,53.06,Ghatkopar
2025-08-16,1.0956,25.75,92.74,2.76,69.3,Ghatkopar
2025-08-17,2.1245,26.08,93.43,3.45,60.78,Ghatkopar
2025-08-18,0.5158,25.64,93.61,5.11,96.42,Ghatkopar
2025-08-19,0.3262,25.59,93.58,5.25,142.85,Ghatkopar
2025-08-20,1.2,25.55,92.0,5.57,69.09,Ghatkopar
2025-08-21,3.9391,25.99,90.71,4.63,10.82,Ghatkopar
2025-08-22,4.6558,25.99,89.86,4.25,8.08,Ghatkopar
2025-08-23,3.9593,25.82,89.15,4.54,9.05,Ghatkopar
2025-08-24,5.0719,25.88,88.07,4.57,11.13,Ghatkopar
2025-08-25,1.5228,25.55,90.68,4.13,26.8,Ghatkopar
2025-08-26,1.9063,25.64,91.85,3.47,16.08,Ghatkopar
2025-08-27,3.2981,25.81,92.52,2.04,19.75,Ghatkopar
2025-08-28,2.1703,25.98,92.99,2.36,15.99,Ghatkopar
2025-08-29,1.7436,26.18,91.01,1.92,28.51,Ghatkopar
2025-08-30,3.1493,26.36,91.58,2.56,7.57,Ghatkopar
2025-08-31,2.5951,26.32,91.56,3.07,12.1,Ghatkopar
2025-09-01,2.7012,24.9,94.33,2.39,14.62,Ghatkopar
2025-09-02,4.1882,25.34,93.33,2.07,15.76,Ghatkopar
2025-09-03,4.823,25.47,92.51,2.04,10.43,Ghatkopar
2025-09-04,1.3699,24.84,94.12,1.73,7.7,Ghatkopar
2025-09-05,1.909,24.83,94.36,1.74,11.6,Ghatkopar
2025-09-06,0.7423,25.02,93.87,1.94,15.71,Ghatkopar
2025-09-07,3.5822,25.13,92.38,2.21,9.02,Ghatkopar
2025-09-08,4.9351,25.44,90.25,1.71,3.14,Ghatkopar
2025-09-09,5.4972,25.52,87.44,1.17,1.05,Ghatkopar
2025-09-10,5.4072,25.82,84.52,0.91,0.29,Ghatkopar
2025-09-11,5.677,25.85,84.85,0.99,2.48,Ghatkopar
2025-09-12,4.0231,25.9,86.16,1.17,4.71,Ghatkopar
2025-09-13,2.5649,25.49,89.79,1.06,13.46,Ghatkopar
2025-09-14,2.2843,25.42,93.05,1.26,27.43,Ghatkopar
2025-09-15,0.6276,24.78,96.2,1.45,64.69,Ghatkopar
2025-09-16,3.2885,25.18,93.98,1.03,17.94,Ghatkopar
2025-09-17,3.8602,25.74,90.98,0.91,13.63,Ghatkopar
2025-09-18,4.1222,25.81,90.89,1.02,16.39,Ghatkopar
2025-09-19,3.0514,25.77,91.27,1.13,17.95,Ghatkopar
2025-09-20,4.4381,25.72,90.75,1.23,16.2,Ghatkopar
2025-09-21,3.1666,25.98,90.59,1.24,17.89,Ghatkopar
2025-09-22,1.543,25.53,92.16,1.25,19.96,Ghatkopar
2025-09-23,3.5155,24.95,92.91,1.15,4.82,Ghatkopar
2025-09-24,4.6553,25.74,86.44,1.18,3.26,Ghatkopar
2025-09-25,5.3549,25.47,87.47,1.1,3.44,Ghatkopar
2025-09-26,4.0025,25.93,86.72,1.02,8.32,Ghatkopar
2025-09-27,4.7988,25.52,92.68,1.54,18.01,Ghatkopar
2025-09-28,0.3058,24.37,96.43,2.94,95.1,Ghatkopar
2025-09-29,3.1008,24.38,91.26,2.78,7.25,Ghatkopar
2025-09-30,4.5499,24.95,89.02,2.13,3.99,Ghatkopar
2025-10-01,5.393,25.08,89.97,2.08,6.54,Ghatkopar
2025-10-02,4.2607,24.94,90.14,1.82,4.38,Ghatkopar
2025-10-03,5.1274,25.39,88.75,1.48,0.51,Ghatkopar
2025-10-04,5.485,25.48,89.02,1.28,5.29,Ghatkopar
2025-10-05,5.2078,25.39,87.67,1.22,2.3,Ghatkopar
2025-10-06,5.701,25.14,86.94,1.31,1.78,Ghatkopar
2025-10-07,4.7741,25.2,88.08,1.14,3.59,Ghatkopar
2025-10-08,5.735,25.65,85.2,1.07,0.57,Ghatkopar
2025-10-09,5.7288,25.74,83.05,1.04,0.46,Ghatkopar
2025-10-10,5.8322,25.7,80.48,1.07,0.08,Ghatkopar
2025-10-11,5.7324,25.38,79.62,1.17,0.0,Ghatkopar
2025-10-12,5.8435,25.44,79.25,1.09,0.0,Ghatkopar
2025-10-13,5.8627,25.26,77.69,1.23,0.0,Ghatkopar
2025-10-14,5.7782,24.73,77.95,1.21,0.0,Ghatkopar
2025-10-15,5.0234,25.62,82.31,1.23,4.34,Ghatkopar
2025-10-16,5.4497,27.02,84.61,1.08,3.13,Ghatkopar
2025-10-17,5.4437,27.19,82.71,1.34,0.13,Ghatkopar
2025-10-18,5.4569,26.72,80.11,1.2,0.4,Ghatkopar
2025-10-19,5.2198,26.43,80.56,1.22,0.54,Ghatkopar
2025-10-20,5.2152,26.11,80.77,1.42,0.0,Ghatkopar
2025-10-21,-999.0,26.15,83.38,1.27,3.42,Ghatkopar
2025-10-22,-999.0,26.81,84.73,1.19,3.56,Ghatkopar
2025-10-23,-999.0,27.13,84.1,1.35,4.55,Ghatkopar
2025-10-24,-999.0,-999.0,-999.0,-999.0,-999.0,Ghatkopar
2025-10-25,-999.0,-999.0,-999.0,-999.0,-999.0,Ghatkopar
2025-10-26,-999.0,-999.0,-999.0,-999.0,-999.0,Ghatkopar
